Suite/Test/Step Name,Browser,Description,Tag,Start time,End time,Duration,Status
signin,Chrome 95.0.4638.69,,,2021-11-14 18:29:34,2021-11-14 18:30:09,"34,716s",PASSED
,,,,,,,
Test Cases/Singin/TC_001,Chrome 95.0.4638.69,Signin with empty fields,,2021-11-14 18:29:35,2021-11-14 18:30:09,"34,207s",PASSED
"openBrowser("""")",Chrome 95.0.4638.69,,,2021-11-14 18:29:35,2021-11-14 18:29:41,"5,741s",PASSED
"navigateToUrl(""https://www.daraz.com.bd/"")",Chrome 95.0.4638.69,,,2021-11-14 18:29:41,2021-11-14 18:29:56,"14,615s",PASSED
"click(findTestObject(""Object Repository/Singin/SinginWithEmptyFill/Page_Homepage/a_Signup  Login""))",Chrome 95.0.4638.69,,,2021-11-14 18:29:56,2021-11-14 18:30:07,"11,252s",PASSED
"click(findTestObject(""Object Repository/Singin/SinginWithEmptyFill/Page_Daraz.com.bd Online Shopping Banglades_9a0738/button_LOGIN""))",Chrome 95.0.4638.69,,,2021-11-14 18:30:07,2021-11-14 18:30:08,"1,184s",PASSED
"verifyTextPresent(""You can't leave this empty."", false)",Chrome 95.0.4638.69,,,2021-11-14 18:30:08,2021-11-14 18:30:09,"0,825s",PASSED
closeBrowser(),Chrome 95.0.4638.69,,,2021-11-14 18:30:09,2021-11-14 18:30:09,"0,183s",PASSED
